<?xml version="1.0" encoding="UTF-8"?>
<!DOCTYPE struts PUBLIC "-//Apache Software Foundation//DTD Struts Configuration 2.3//EN" 
"http://struts.apache.org/dtds/struts-2.3.dtd">
<struts>

	<!-- 资源文件 -->
	<constant name="struts.custom.i18n.resources" value="info"/>
	<!-- 指定由spring负责action对象的创建 -->
	<constant name="struts.objectFactory" value="spring" />
	<!-- 所有匹配*.action的请求都由struts2处理 -->
	<constant name="struts.action.extension" value="action" />
	<!-- 是否启用开发模式 -->
	<constant name="struts.devMode" value="true" />
	<!-- struts配置文件改动后，是否重新加载 -->
	<constant name="struts.configuration.xml.reload" value="true" />
	<!-- 设置浏览器是否缓存静态内容 -->
	<constant name="struts.serve.static.browserCache" value="false" />
	<!-- 请求参数的编码方式 -->
	<constant name="struts.i18n.encoding" value="utf-8" />
	<!-- 每次HTTP请求系统都重新加载资源文件，有助于开发 -->
	<constant name="struts.i18n.reload" value="true" />
	<!-- 文件上传最大值 -->
	<constant name="struts.multipart.maxSize" value="104857600" />
	<!-- 文件上传临时目录 -->
	<constant name="struts.multipart.saveDir" value="d:/src/tempUplaod/" />
	<!-- 文件上传paeser -->
	<constant name="struts.multipart.paeser" value="cos"></constant>
	<!-- 让struts2支持动态方法调用 -->
	<constant name="struts.enable.DynamicMethodInvocation" value="true" />
	<!-- Action名称中是否还是用斜线 -->
	<constant name="struts.enable.SlashesInActionNames" value="false" />
	<!-- 允许标签中使用表达式语法 -->
	<constant name="struts.tag.altSyntax" value="true" />
	<!-- 对于WebLogic,Orion,OC4J此属性应该设置成true -->
	<constant name="struts.dispatcher.parametersWorkaround" value="false" />
	
	

	<!-- 配置前后台通用包 -->
	<package name="basePackage" namespace="/" extends="struts-default">
		<interceptors>
			<!-- 字符集拦截器 -->
			<interceptor name="encodingInterceptor"
				class="com.st.interceptor.EncodingInterceptor" />

			<!-- 配置栈 -->
			<interceptor-stack name="baseInterceptorStack">
				<!--配置内建默认拦截器 -->
				<interceptor-ref name="defaultStack" />
				<!--配置自定义拦截器 -->
				<!-- 编码拦截器 -->
				<interceptor-ref name="encodingInterceptor"></interceptor-ref>


			</interceptor-stack>
		</interceptors>
		<!-- 全局拦截栈 -->
		<default-interceptor-ref name="baseInterceptorStack"></default-interceptor-ref>
	</package>
	
	
	<!-- 前后台的struts配置文件 -->
    <!-- 后台配置文件  -->
    <include file="struts-back.xml"></include>
	<!-- 前台配置文件 -->
    <include file="struts-front.xml"></include>
</struts>