<?xml version="1.0" encoding="UTF-8"?>
<!DOCTYPE struts PUBLIC "-//Apache Software Foundation//DTD Struts Configuration 2.3//EN" 
"http://struts.apache.org/dtds/struts-2.3.dtd">
<struts>
	<!-- 配置前台管理模块需要继承的包 -->
	<package name="frontPackage" namespace="/front" extends="basePackage">
		<interceptors> 
			
			<!-- 配置栈 -->
			<interceptor-stack name="frontInterceptorStack">
				<!--配置内建默认拦截器-->
				<interceptor-ref name="baseInterceptorStack" />
				
				
			</interceptor-stack>
		</interceptors>
		<default-interceptor-ref name="frontInterceptorStack"></default-interceptor-ref>
	</package>
	<include file="struts-front-officialwebsite.xml"></include>
</struts>